{"cameraMode":{"drawMode":0,"name":"Shaded","section":"Shading Mode"},"sceneLighting":false,"audioPlay":false,"sceneViewState":{"showFog":true,"showMaterialUpdate":false,"showSkybox":false,"showFlares":true,"showImageEffects":true,"showParticleSystems":true},"in2DMode":false,"pivot":{"x":-1.359877347946167,"y":3.268040657043457,"z":-2.290475845336914},"rotation":{"x":-0.06439431011676789,"y":0.9251688718795776,"z":-0.32654765248298647,"w":-0.18244048953056336},"size":33.8680419921875,"orthographic":false}